Filename,width,height,framerate,MOS,pixfmt,,,,
2999049224,960,540,30,3.44,yuv420p,,,min,max
3015973424,960,540,24,3.1,yuv420p,,,,
3179649855,960,540,24,2.88,yuv420p,,,,
3218223446,960,540,30,2.92,yuv420p,,,,
3240926995,960,540,30,3.1484375,yuv420p,,,,
3263720175,960,540,24,3.04,yuv420p,,,,
3318634083,960,540,30,2.3,yuv420p,,,,
3321308714,960,540,24,3.04,yuv420p,,,,
3337642103,960,540,30,3.308641975,yuv420p,,,,
3339387387,960,540,30,2.42,yuv420p,,,,
3339962845,960,540,30,4.64,yuv420p,,,,
3343535739,960,540,30,2.4,yuv420p,,,,
3357588876,960,540,25,2.96,yuv420p,,,,
3358799122,960,540,30,3.785714286,yuv420p,,,,
3359662128,960,540,24,3.08,yuv420p,,,,
3369925072,960,540,30,4.02,yuv420p,,,,
3374751086,960,540,24,2.24,yuv420p,,,,
3407992311,960,540,30,4.08,yuv420p,,,,
3425371223,960,540,30,3.12,yuv420p,,,,
3431305644,960,540,24,3.06,yuv420p,,,,
3437816776,960,540,24,3.5,yuv420p,,,,
3459287580,960,540,24,3.5,yuv420p,,,,
3459410764,960,540,30,3.692946058,yuv420p,,,,
3469529939,960,540,30,2.8,yuv420p,,,,
3471567822,960,540,30,1.52,yuv420p,,,,
3482706595,960,540,30,3.2,yuv420p,,,,
3488252741,960,540,24,3.54,yuv420p,,,,
3489123822,960,540,24,3.8,yuv420p,,,,
3496871384,960,540,30,2.08,yuv420p,,,,
3504083604,960,540,30,2.38,yuv420p,,,,
3516162818,960,540,30,3.6,yuv420p,,,,
3521396571,960,540,30,3.54,yuv420p,,,,
3533765114,960,540,24,2.28,yuv420p,,,,
3546788918,960,540,30,3.64,yuv420p,,,,
3561516939,960,540,30,2.44,yuv420p,,,,
3583315023,960,540,24,2.84,yuv420p,,,,
3588022983,960,540,24,3.66,yuv420p,,,,
3589925544,960,540,24,3.16,yuv420p,,,,
3590551873,960,540,30,2.7,yuv420p,,,,
3591184129,960,540,30,2.58,yuv420p,,,,
3611217365,960,540,24,3.6,yuv420p,,,,
3617102785,960,540,30,3.08,yuv420p,,,,
3627681183,960,540,30,3.44,yuv420p,,,,
3629928686,960,540,30,3.48,yuv420p,,,,
3647017501,960,540,24,3.56,yuv420p,,,,
3664548641,960,540,24,3.121568627,yuv420p,,,,
3699089579,960,540,24,3.38,yuv420p,,,,
3699539878,960,540,24,3.14,yuv420p,,,,
3710887216,960,540,30,2.92,yuv420p,,,,
3715429501,960,540,30,2.9,yuv420p,,,,
3718963712,960,540,24,3.66,yuv420p,,,,
3722785424,960,540,30,3.571428571,yuv420p,,,,
3744752110,960,540,24,2.48,yuv420p,,,,
3747645672,960,540,24,3.82,yuv420p,,,,
3763235915,960,540,24,2.343873518,yuv420p,,,,
3770747002,960,540,30,1.86,yuv420p,,,,
3781419322,960,540,24,2.89787234,yuv420p,,,,
3810054574,960,540,30,3.38,yuv420p,,,,
3819966572,960,540,30,3.72,yuv420p,,,,
3825035703,960,540,30,3.44,yuv420p,,,,
3860380907,960,540,30,3.6,yuv420p,,,,
3860907449,960,540,24,3.54,yuv420p,,,,
3861648412,960,540,24,2.68,yuv420p,,,,
3863745355,960,540,24,4.02,yuv420p,,,,
3878700690,960,540,30,2.74,yuv420p,,,,
3887621073,960,540,30,1.58,yuv420p,,,,
3904711682,960,540,30,3.04,yuv420p,,,,
3930579113,960,540,30,2.86,yuv420p,,,,
3934294391,960,540,30,2.26,yuv420p,,,,
3948863216,960,540,24,3.62,yuv420p,,,,
3963620197,960,540,24,4.02,yuv420p,,,,
3975461732,960,540,30,3.72,yuv420p,,,,
4005506137,960,540,24,2.24,yuv420p,,,,
4020832533,960,540,24,2.948616601,yuv420p,,,,
4029116553,960,540,24,3.82,yuv420p,,,,
4033322131,960,540,30,2.86,yuv420p,,,,
4067736860,960,540,30,3.16,yuv420p,,,,
4088281204,960,540,30,3.43776824,yuv420p,,,,
4095112467,960,540,30,2.4,yuv420p,,,,
4136131472,960,540,24,3.2,yuv420p,,,,
4159445902,960,540,24,2.52,yuv420p,,,,
4161747134,960,540,30,3.48,yuv420p,,,,
4161940753,960,540,24,3.66,yuv420p,,,,
4177089041,960,540,30,1.66,yuv420p,,,,
4184711791,960,540,24,3.28,yuv420p,,,,
4201416279,960,540,30,3.72,yuv420p,,,,
4202404174,960,540,30,3.14,yuv420p,,,,
4204485800,960,540,30,1.72972973,yuv420p,,,,
4206970561,960,540,24,2.26,yuv420p,,,,
4211514567,960,540,24,2.74,yuv420p,,,,
4227960041,960,540,30,3.66,yuv420p,,,,
4236199952,960,540,30,2.9,yuv420p,,,,
4258186896,960,540,30,2.34,yuv420p,,,,
4260295122,960,540,30,3.32,yuv420p,,,,
4265466447,960,540,24,3.32,yuv420p,,,,
4265470174,960,540,30,1.56,yuv420p,,,,
4270576961,960,540,30,2.54,yuv420p,,,,
4273096444,960,540,30,3.98,yuv420p,,,,
4279268661,960,540,30,3.86,yuv420p,,,,
4281436885,960,540,24,3.494339623,yuv420p,,,,
4281880002,960,540,24,3.2,yuv420p,,,,
4283455837,960,540,30,3.68,yuv420p,,,,
4286406568,960,540,30,2.96,yuv420p,,,,
4289215378,960,540,30,3.4,yuv420p,,,,
4297535685,960,540,30,2.86,yuv420p,,,,
4297792287,960,540,25,3.78,yuv420p,,,,
4299787720,960,540,30,2.849802372,yuv420p,,,,
4313579496,960,540,24,3.76,yuv420p,,,,
4321531777,960,540,30,1.82,yuv420p,,,,
4323977167,960,540,30,3.26,yuv420p,,,,
4328729913,960,540,30,3.42,yuv420p,,,,
4329911079,960,540,30,4.02,yuv420p,,,,
4335304419,960,540,30,3.02,yuv420p,,,,
4337949901,960,540,24,3.34,yuv420p,,,,
4363644898,960,540,30,3.7,yuv420p,,,,
4367069947,960,540,24,2.88,yuv420p,,,,
4373113207,960,540,30,3.52,yuv420p,,,,
4375496636,960,540,30,3.6,yuv420p,,,,
4383007820,960,540,30,3.06,yuv420p,,,,
4391946048,960,540,30,3.3,yuv420p,,,,
4397381332,960,540,30,3.56,yuv420p,,,,
4406917423,960,540,24,3.18,yuv420p,,,,
4414516665,960,540,25,3.02,yuv420p,,,,
4417558772,960,540,30,3.9,yuv420p,,,,
4453069241,960,540,30,2.92,yuv420p,,,,
4465669054,960,540,24,2.92,yuv420p,,,,
4472493392,960,540,24,2.38,yuv420p,,,,
4472730048,960,540,30,1.622406639,yuv420p,,,,
4477789338,960,540,24,2.72,yuv420p,,,,
4482595368,960,540,30,3.86,yuv420p,,,,
4484771725,960,540,30,3.62,yuv420p,,,,
4491961485,960,540,24,3.08,yuv420p,,,,
4495254692,960,540,24,3.9,yuv420p,,,,
4506003922,960,540,24,2.36,yuv420p,,,,
4526948676,960,540,30,3.34,yuv420p,,,,
4542323058,960,540,30,3.22,yuv420p,,,,
4545845826,960,540,30,3.9,yuv420p,,,,
4549036485,960,540,30,3.992481203,yuv420p,,,,
4557456762,960,540,30,3.24,yuv420p,,,,
4565232312,960,540,30,2.64,yuv420p,,,,
4567868868,960,540,30,3.5,yuv420p,,,,
4573266245,960,540,30,2.58,yuv420p,,,,
4573314147,960,540,30,2.56,yuv420p,,,,
4573734018,960,540,30,3.3,yuv420p,,,,
4582086726,960,540,30,3.14,yuv420p,,,,
4593126957,960,540,30,3.1,yuv420p,,,,
4615948555,960,540,24,3.02,yuv420p,,,,
4620516469,960,540,24,3.52,yuv420p,,,,
4626131441,960,540,24,2.68,yuv420p,,,,
4627984833,960,540,30,1.7,yuv420p,,,,
4629711727,960,540,24,2.3,yuv420p,,,,
4639129836,960,540,30,2.06,yuv420p,,,,
4642004278,960,540,30,2.56,yuv420p,,,,
4642629203,960,540,24,3.52,yuv420p,,,,
4652600104,960,540,30,3.16,yuv420p,,,,
4655662252,960,540,30,3.94,yuv420p,,,,
4673672619,960,540,30,3.7,yuv420p,,,,
4675931801,960,540,30,4.16,yuv420p,,,,
4677538291,960,540,30,1.96,yuv420p,,,,
4712606231,960,540,30,3.7,yuv420p,,,,
4713503488,960,540,24,3.88,yuv420p,,,,
4723346787,960,540,30,3,yuv420p,,,,
4729578673,960,540,30,3.28,yuv420p,,,,
4733600732,960,540,30,3.48,yuv420p,,,,
4734666961,960,540,30,2.82,yuv420p,,,,
4735334918,960,540,30,2.28,yuv420p,,,,
4736973814,960,540,30,3.46,yuv420p,,,,
4743183444,960,540,30,3.44,yuv420p,,,,
4744073127,960,540,30,1.42,yuv420p,,,,
4751595925,960,540,30,3.48,yuv420p,,,,
4761429801,960,540,24,3.08,yuv420p,,,,
4763574191,960,540,30,3.469230769,yuv420p,,,,
4771991539,960,540,24,3,yuv420p,,,,
4773686738,960,540,30,2.32,yuv420p,,,,
4775312025,960,540,30,2.08,yuv420p,,,,
4779773181,960,540,25,4.14,yuv420p,,,,
4783174196,960,540,30,2.7,yuv420p,,,,
4800261002,960,540,30,3.98,yuv420p,,,,
4801224837,960,540,24,3.46,yuv420p,,,,
4801560427,960,540,30,3.44,yuv420p,,,,
4803433208,960,540,30,3.823529412,yuv420p,,,,
4809572333,960,540,24,3.12,yuv420p,,,,
4820762619,960,540,30,2.16,yuv420p,,,,
4823416929,960,540,30,1.98,yuv420p,,,,
4834450895,960,540,30,1.74,yuv420p,,,,
4836718842,960,540,30,2.64,yuv420p,,,,
4837816091,960,540,24,3.54,yuv420p,,,,
4842303128,960,540,30,3.22,yuv420p,,,,
4843048363,960,540,30,3.2,yuv420p,,,,
4850105788,960,540,30,3.06,yuv420p,,,,
4864754515,960,540,24,3.12,yuv420p,,,,
4866009712,960,540,30,2.42,yuv420p,,,,
4866613201,960,540,30,2.2,yuv420p,,,,
4867899444,960,540,30,3.08,yuv420p,,,,
4870064087,960,540,30,2.96,yuv420p,,,,
4871910775,960,540,30,2.48,yuv420p,,,,
4876943348,960,540,30,3.06,yuv420p,,,,
4877128768,960,540,30,3.42,yuv420p,,,,
4879585643,960,540,30,1.84,yuv420p,,,,
4889669313,960,540,30,2.52,yuv420p,,,,
4897814885,960,540,25,2.46,yuv420p,,,,
4901210888,960,540,30,2.82,yuv420p,,,,
4905336825,960,540,30,1.828125,yuv420p,,,,
4907486229,960,540,30,2,yuv420p,,,,
4914377539,960,540,30,2.2,yuv420p,,,,
4915461487,960,540,24,2.24,yuv420p,,,,
4922109288,960,540,30,3.2,yuv420p,,,,
4931493432,960,540,30,3.36,yuv420p,,,,
4932309592,960,540,30,2.94,yuv420p,,,,
4933934170,960,540,30,1.96,yuv420p,,,,
4942462682,960,540,30,3.5,yuv420p,,,,
4945025836,960,540,24,3.32,yuv420p,,,,
4956521693,960,540,30,2.8,yuv420p,,,,
4956991827,960,540,30,2.98,yuv420p,,,,
4959664675,960,540,24,2.06,yuv420p,,,,
4966446054,960,540,24,2.26,yuv420p,,,,
4969714039,960,540,30,3.08,yuv420p,,,,
4970624827,960,540,25,1.66,yuv420p,,,,
4970919913,960,540,24,2.32,yuv420p,,,,
4971091773,960,540,24,2.9,yuv420p,,,,
4975471705,960,540,30,3.78,yuv420p,,,,
4979493912,960,540,30,3.14,yuv420p,,,,
4980230630,960,540,30,3.72,yuv420p,,,,
4981160522,960,540,30,3.26,yuv420p,,,,
4987165854,960,540,30,3.24,yuv420p,,,,
4991520511,960,540,30,1.98,yuv420p,,,,
4996677282,960,540,30,2.56,yuv420p,,,,
5003283158,960,540,30,2.78,yuv420p,,,,
5003956763,960,540,30,3.598455598,yuv420p,,,,
5004709068,960,540,24,2.52,yuv420p,,,,
5005236579,960,540,30,3.26,yuv420p,,,,
5009379117,960,540,30,2.299595142,yuv420p,,,,
5010279097,960,540,24,3.268907563,yuv420p,,,,
5011231037,960,540,30,3.62195122,yuv420p,,,,
5012335397,960,540,30,2.74,yuv420p,,,,
5014400375,960,540,30,2.28,yuv420p,,,,
5020714258,960,540,24,2.4,yuv420p,,,,
5023426388,960,540,30,3.32,yuv420p,,,,
5026138416,960,540,30,3.22,yuv420p,,,,
5028474013,960,540,30,3.52,yuv420p,,,,
5029525594,960,540,30,3.6,yuv420p,,,,
5030830413,960,540,30,3.28,yuv420p,,,,
5031142078,960,540,24,2.2,yuv420p,,,,
5032172516,960,540,30,3.48,yuv420p,,,,
5040855662,960,540,30,3.18,yuv420p,,,,
5043852749,960,540,30,1.84,yuv420p,,,,
5044148124,960,540,30,2.18,yuv420p,,,,
5045897151,960,540,30,2.24,yuv420p,,,,
5048882871,960,540,24,1.84,yuv420p,,,,
5052341075,960,540,24,3.48,yuv420p,,,,
5066571585,960,540,30,3.2,yuv420p,,,,
5067647428,960,540,30,3.6,yuv420p,,,,
5072411175,960,540,24,2.5,yuv420p,,,,
5075205526,960,540,24,3.18,yuv420p,,,,
5078125268,960,540,30,2.14,yuv420p,,,,
5079146602,960,540,24,3.5,yuv420p,,,,
5082292308,960,540,30,3.64,yuv420p,,,,
5093919014,960,540,30,2.26,yuv420p,,,,
5101801222,960,540,30,3.32,yuv420p,,,,
5107749210,960,540,30,2.36,yuv420p,,,,
5110540070,960,540,30,2.64,yuv420p,,,,
5111411754,960,540,30,2.68,yuv420p,,,,
5115193359,960,540,30,3.08,yuv420p,,,,
5115335471,960,540,30,2.16,yuv420p,,,,
5118641893,960,540,24,2.76,yuv420p,,,,
5119193300,960,540,30,2.46,yuv420p,,,,
5127033299,960,540,30,3.28,yuv420p,,,,
5130906896,960,540,24,3.38,yuv420p,,,,
5133219451,960,540,24,2.32,yuv420p,,,,
5134310379,960,540,30,2.12,yuv420p,,,,
5134417428,960,540,30,2.26,yuv420p,,,,
5140332158,960,540,30,3.58,yuv420p,,,,
5143368697,960,540,30,3.1,yuv420p,,,,
5147152978,960,540,30,2.597609562,yuv420p,,,,
5149271412,960,540,30,2.82,yuv420p,,,,
5150451769,960,540,25,1.84,yuv420p,,,,
5154464760,960,540,25,3.86,yuv420p,,,,
5162398156,960,540,30,2.68,yuv420p,,,,
5169144673,960,540,30,2.98,yuv420p,,,,
5170915466,960,540,30,2.88,yuv420p,,,,
5176278265,960,540,30,3.12,yuv420p,,,,
5203755303,960,540,30,2.68,yuv420p,,,,
5204063512,960,540,30,2.94,yuv420p,,,,
5206708965,960,540,24,3.28,yuv420p,,,,
5208145791,960,540,30,2.24,yuv420p,,,,
5212573386,960,540,30,3.74,yuv420p,,,,
5214650735,960,540,30,3.18,yuv420p,,,,
5215773911,960,540,30,3.54,yuv420p,,,,
5218123691,960,540,24,3.04,yuv420p,,,,
5218188823,960,540,24,3,yuv420p,,,,
5222599467,960,540,30,2.6,yuv420p,,,,
5223525504,960,540,30,3.08,yuv420p,,,,
5245445672,960,540,30,3.38,yuv420p,,,,
5246827285,960,540,24,3.16,yuv420p,,,,
5250183455,960,540,30,3.1,yuv420p,,,,
5260933475,960,540,24,3.08,yuv420p,,,,
5263204150,960,540,30,3.64,yuv420p,,,,
5263261013,960,540,30,2.74,yuv420p,,,,
5266562897,960,540,30,2.56,yuv420p,,,,
5266882983,960,540,30,2.3,yuv420p,,,,
5266893553,960,540,30,1.74,yuv420p,,,,
5268797415,960,540,24,2.44,yuv420p,,,,
5273433233,960,540,30,3.48,yuv420p,,,,
5279319629,960,540,30,3.88,yuv420p,,,,
5280283886,960,540,30,3.86,yuv420p,,,,
5295005655,960,540,24,2.72,yuv420p,,,,
5307981340,960,540,30,3.52,yuv420p,,,,
5310216885,960,540,30,2.24,yuv420p,,,,
5311187352,960,540,30,2.88,yuv420p,,,,
5318369391,960,540,30,3.3,yuv420p,,,,
5319047612,960,540,30,1.346863469,yuv420p,,,,
5319413177,960,540,24,2.48,yuv420p,,,,
5322533709,960,540,30,2.76,yuv420p,,,,
5329960963,960,540,24,3.04,yuv420p,,,,
5338017301,960,540,30,3.8,yuv420p,,,,
5340069287,960,540,30,3.7,yuv420p,,,,
5341444640,960,540,24,3.68,yuv420p,,,,
5346134105,960,540,30,2.46,yuv420p,,,,
5354932311,960,540,24,3.480314961,yuv420p,,,,
5355837503,960,540,24,4.1,yuv420p,,,,
5356092090,960,540,30,3.22,yuv420p,,,,
5357123491,960,540,24,3.44,yuv420p,,,,
5360118581,960,540,30,3.2,yuv420p,,,,
5360605734,960,540,30,3.84,yuv420p,,,,
5363205423,960,540,24,3.36,yuv420p,,,,
5369095478,960,540,30,2.6,yuv420p,,,,
5379210063,960,540,30,2.84,yuv420p,,,,
5379891328,960,540,30,3.5,yuv420p,,,,
5391431291,960,540,24,4.151851852,yuv420p,,,,
5392736832,960,540,24,2.42,yuv420p,,,,
5409101281,960,540,30,2.54,yuv420p,,,,
5412442677,960,540,30,2.3,yuv420p,,,,
5415012877,960,540,24,2.42,yuv420p,,,,
5418971855,960,540,30,2.68,yuv420p,,,,
5419510404,960,540,25,2.26,yuv420p,,,,
5424989067,960,540,30,2.4,yuv420p,,,,
5433352304,960,540,30,2.22,yuv420p,,,,
5440091902,960,540,30,3,yuv420p,,,,
5453773681,960,540,30,2.24,yuv420p,,,,
5455582932,960,540,30,3.352272727,yuv420p,,,,
5458000924,960,540,30,3.06,yuv420p,,,,
5459565205,960,540,30,3.52,yuv420p,,,,
5460258278,960,540,30,2.18,yuv420p,,,,
5460445525,960,540,24,2.04,yuv420p,,,,
5465225347,960,540,30,3.52,yuv420p,,,,
5467704373,960,540,30,3.16,yuv420p,,,,
5469530975,960,540,30,2.9,yuv420p,,,,
5475555707,960,540,30,1.74,yuv420p,,,,
5477809421,960,540,30,4.04,yuv420p,,,,
5479646341,960,540,30,3.02,yuv420p,,,,
5487345956,960,540,30,3.92,yuv420p,,,,
5489207006,960,540,30,4.04,yuv420p,,,,
5490599661,960,540,30,2.88,yuv420p,,,,
5493602442,960,540,24,2.5,yuv420p,,,,
5504464599,960,540,24,1.94,yuv420p,,,,
5506184490,960,540,30,2.04,yuv420p,,,,
5512609909,960,540,30,3.3,yuv420p,,,,
5516081814,960,540,24,3.6,yuv420p,,,,
5526460224,960,540,30,3.38,yuv420p,,,,
5539585646,960,540,30,3.26,yuv420p,,,,
5541058845,960,540,30,3.38,yuv420p,,,,
5542380796,960,540,24,1.72,yuv420p,,,,
5550087163,960,540,30,2.46,yuv420p,,,,
5553355582,960,540,30,2.22,yuv420p,,,,
5559135240,960,540,24,2.94,yuv420p,,,,
5561000398,960,540,24,2.88,yuv420p,,,,
5562932712,960,540,24,3.9,yuv420p,,,,
5564209652,960,540,30,2.46,yuv420p,,,,
5564650233,960,540,30,3.484251969,yuv420p,,,,
5570426341,960,540,24,1.56,yuv420p,,,,
5579073175,960,540,25,3.32,yuv420p,,,,
5583994811,960,540,30,3.529166667,yuv420p,,,,
5589046662,960,540,30,3.134453782,yuv420p,,,,
5590704113,960,540,30,3.12,yuv420p,,,,
5596033251,960,540,24,3.66,yuv420p,,,,
5609569195,960,540,30,2.82,yuv420p,,,,
5611452609,960,540,30,3.38,yuv420p,,,,
5618829039,960,540,30,3.16,yuv420p,,,,
5620430600,960,540,30,2.5,yuv420p,,,,
5621374631,960,540,30,2.52,yuv420p,,,,
5621520605,960,540,30,3.34,yuv420p,,,,
5622498540,960,540,30,3,yuv420p,,,,
5625415555,960,540,24,2.08,yuv420p,,,,
5632758635,960,540,30,3.64,yuv420p,,,,
5633788395,960,540,30,3.04,yuv420p,,,,
5636101558,960,540,24,2.26,yuv420p,,,,
5636445745,960,540,30,2.52,yuv420p,,,,
5641862023,960,540,30,3.36,yuv420p,,,,
5644303578,960,540,30,2.54,yuv420p,,,,
5649370618,960,540,30,2.9,yuv420p,,,,
5653702857,960,540,30,2.86,yuv420p,,,,
5660712402,960,540,30,3.82,yuv420p,,,,
5668545266,960,540,24,2.46,yuv420p,,,,
5668795950,960,540,24,2.86,yuv420p,,,,
5669052182,960,540,30,3.879844961,yuv420p,,,,
5672502803,960,540,30,3.3,yuv420p,,,,
5678628993,960,540,30,3.567226891,yuv420p,,,,
5688399126,960,540,30,3.78,yuv420p,,,,
5690367902,960,540,30,3.56,yuv420p,,,,
5693366090,960,540,30,3.62,yuv420p,,,,
5694745216,960,540,24,2.66,yuv420p,,,,
5698463243,960,540,25,2.96,yuv420p,,,,
5705527370,960,540,30,3.74,yuv420p,,,,
5706858082,960,540,30,3.12,yuv420p,,,,
5717841095,960,540,24,3.02,yuv420p,,,,
5723108521,960,540,30,3.18,yuv420p,,,,
5733977738,960,540,24,2.06,yuv420p,,,,
5737374844,960,540,24,3,yuv420p,,,,
5739175520,960,540,30,3.68,yuv420p,,,,
5754220740,960,540,24,2.74,yuv420p,,,,
5756899543,960,540,30,3.7,yuv420p,,,,
5769119862,960,540,30,3.36,yuv420p,,,,
5770178686,960,540,24,3.78,yuv420p,,,,
5777975441,960,540,30,2.3,yuv420p,,,,
5786034294,960,540,24,3,yuv420p,,,,
5790468384,960,540,24,2.36,yuv420p,,,,
5805360253,960,540,24,2.58,yuv420p,,,,
5806274886,960,540,24,2.24,yuv420p,,,,
5815295661,960,540,30,3.06,yuv420p,,,,
5816132223,960,540,30,3.58,yuv420p,,,,
5819852885,960,540,30,2.16,yuv420p,,,,
5823644068,960,540,24,2.9,yuv420p,,,,
5825661459,960,540,30,3.32,yuv420p,,,,
5827345790,960,540,30,2.66,yuv420p,,,,
5831253770,960,540,30,3.84,yuv420p,,,,
5831807090,960,540,30,3.68,yuv420p,,,,
5845660280,960,540,25,3.5,yuv420p,,,,
5850199057,960,540,30,2.4,yuv420p,,,,
5858312093,960,540,30,2.4,yuv420p,,,,
5858864133,960,540,30,2.48,yuv420p,,,,
5865474554,960,540,30,2.38,yuv420p,,,,
5869559051,960,540,30,2.3,yuv420p,,,,
5875944717,960,540,25,3.92,yuv420p,,,,
5879908897,960,540,25,3.22,yuv420p,,,,
5880475570,960,540,25,2.695652174,yuv420p,,,,
5882410880,960,540,30,3.52,yuv420p,,,,
5893119747,960,540,25,4.12,yuv420p,,,,
5893880541,960,540,24,2.7,yuv420p,,,,
5900513019,960,540,30,3.231660232,yuv420p,,,,
5901642116,960,540,30,2.74,yuv420p,,,,
5902098420,960,540,30,3.4,yuv420p,,,,
5911601461,960,540,24,3.42,yuv420p,,,,
5912268467,960,540,30,3.34,yuv420p,,,,
5914119796,960,540,30,2.44,yuv420p,,,,
5914289359,960,540,30,3.56,yuv420p,,,,
5917982116,960,540,30,3.84,yuv420p,,,,
5920289173,960,540,30,3.44,yuv420p,,,,
5921571324,960,540,30,3.24,yuv420p,,,,
5927908371,960,540,30,1.6,yuv420p,,,,
5935222726,960,540,30,1.86,yuv420p,,,,
5941263615,960,540,25,3.54,yuv420p,,,,
5941894437,960,540,30,2.48,yuv420p,,,,
5947649803,960,540,30,3.42,yuv420p,,,,
5956265529,960,540,30,2.04,yuv420p,,,,
5956380805,960,540,30,3.46,yuv420p,,,,
5960200024,960,540,30,2.52,yuv420p,,,,
5962679589,960,540,30,1.86,yuv420p,,,,
5972627544,960,540,24,3.04,yuv420p,,,,
5974403907,960,540,24,3.1,yuv420p,,,,
5987864177,960,540,30,3.14,yuv420p,,,,
5988574543,960,540,30,2.9,yuv420p,,,,
5993312864,960,540,30,1.72,yuv420p,,,,
5995204968,960,540,30,3.28,yuv420p,,,,
5996750151,960,540,24,3,yuv420p,,,,
5999732346,960,540,24,2.9,yuv420p,,,,
6004183559,960,540,30,3.38,yuv420p,,,,
6008700446,960,540,30,2,yuv420p,,,,
6012598017,960,540,30,3.36,yuv420p,,,,
6015938306,960,540,30,2.5,yuv420p,,,,
6021794037,960,540,30,3.02,yuv420p,,,,
6021943274,960,540,24,3.14,yuv420p,,,,
6024650797,960,540,30,2.54,yuv420p,,,,
6027407703,960,540,30,3.68,yuv420p,,,,
6028497716,960,540,24,1.48,yuv420p,,,,
6041834062,960,540,30,3.32,yuv420p,,,,
6047579133,960,540,30,3.12,yuv420p,,,,
6058824138,960,540,30,2.74,yuv420p,,,,
6059351914,960,540,24,2.24,yuv420p,,,,
6059786344,960,540,30,2.66,yuv420p,,,,
6060761361,960,540,30,3.06,yuv420p,,,,
6061346837,960,540,30,2.78,yuv420p,,,,
6062892973,960,540,30,2.86,yuv420p,,,,
6065207696,960,540,30,2.88,yuv420p,,,,
6073473868,960,540,24,2.62,yuv420p,,,,
6076608135,960,540,30,4.4,yuv420p,,,,
6079632868,960,540,25,3.3,yuv420p,,,,
6079875162,960,540,30,1.6,yuv420p,,,,
6092433561,960,540,30,2.86,yuv420p,,,,
6095633507,960,540,30,3.48,yuv420p,,,,
6096480589,960,540,30,2.4,yuv420p,,,,
6096558457,960,540,30,2.6,yuv420p,,,,
6100104774,960,540,30,3.16,yuv420p,,,,
6104508040,960,540,30,3.08,yuv420p,,,,
6106291030,960,540,24,3.6,yuv420p,,,,
6107338487,960,540,25,3.62,yuv420p,,,,
6109922367,960,540,30,3.14,yuv420p,,,,
6111574885,960,540,30,2.74,yuv420p,,,,
6120978816,960,540,24,2.04,yuv420p,,,,
6123040072,960,540,24,2.22,yuv420p,,,,
6131895268,960,540,30,1.94,yuv420p,,,,
6135877141,960,540,24,2.82,yuv420p,,,,
6137257339,960,540,30,4.02,yuv420p,,,,
6149591212,960,540,30,2.14,yuv420p,,,,
6157684615,960,540,30,3.36,yuv420p,,,,
6173852301,960,540,30,2.2,yuv420p,,,,
6178882861,960,540,30,2.76,yuv420p,,,,
6181812275,960,540,30,3.06,yuv420p,,,,
6184163826,960,540,30,1.52,yuv420p,,,,
6191735552,960,540,30,3.16,yuv420p,,,,
6208528782,960,540,30,2.66,yuv420p,,,,
6210062524,960,540,24,2.78,yuv420p,,,,
6210381577,960,540,24,3.22,yuv420p,,,,
6212970517,960,540,30,2.06,yuv420p,,,,
6215522900,960,540,30,3.48,yuv420p,,,,
6215542986,960,540,30,2.58,yuv420p,,,,
6223028206,960,540,30,1.68,yuv420p,,,,
6223104346,960,540,30,2.56,yuv420p,,,,
6226852017,960,540,30,3.4,yuv420p,,,,
6238991743,960,540,30,1.68,yuv420p,,,,
6242642418,960,540,30,3.398373984,yuv420p,,,,
6249802707,960,540,30,3.58,yuv420p,,,,
6250048696,960,540,30,3.08,yuv420p,,,,
6268574586,960,540,24,1.8,yuv420p,,,,
6268902756,960,540,24,1.843137255,yuv420p,,,,
6270222640,960,540,30,2.32,yuv420p,,,,
6272702003,960,540,30,3.5,yuv420p,,,,
6273360207,960,540,30,3.2,yuv420p,,,,
6275674780,960,540,24,1.82,yuv420p,,,,
6279406877,960,540,30,3.5,yuv420p,,,,
6280406572,960,540,24,2.62,yuv420p,,,,
6281135899,960,540,30,3,yuv420p,,,,
6291796040,960,540,30,3.3,yuv420p,,,,
6293871635,960,540,30,3.68,yuv420p,,,,
6294328198,960,540,30,2.52,yuv420p,,,,
6296962313,960,540,30,2.64,yuv420p,,,,
6299595444,960,540,30,1.96,yuv420p,,,,
6300501644,960,540,24,3.4,yuv420p,,,,
6300963347,960,540,30,3.58,yuv420p,,,,
6304997355,960,540,30,3.34,yuv420p,,,,
6313200205,960,540,30,3.78,yuv420p,,,,
6313769652,960,540,30,3.82,yuv420p,,,,
6319757818,960,540,30,3.38,yuv420p,,,,
6320892865,960,540,24,2.84,yuv420p,,,,
6323632937,960,540,24,1.82,yuv420p,,,,
6324422954,960,540,30,2.76,yuv420p,,,,
6329730783,960,540,24,2.28,yuv420p,,,,
6333567508,960,540,30,3.18,yuv420p,,,,
6338210961,960,540,30,3.08,yuv420p,,,,
6340146486,960,540,25,2.48,yuv420p,,,,
6340576433,960,540,30,3.46,yuv420p,,,,
6343817087,960,540,30,2.64,yuv420p,,,,
6346026937,960,540,24,2.14,yuv420p,,,,
6346933640,960,540,24,2.6,yuv420p,,,,
6350328925,960,540,24,3.4,yuv420p,,,,
6368379561,960,540,30,3.54,yuv420p,,,,
6369679907,960,540,30,1.72,yuv420p,,,,
6370967061,960,540,24,2.2,yuv420p,,,,
6373417661,960,540,24,3.72,yuv420p,,,,
6381011947,960,540,30,3.26,yuv420p,,,,
6408210773,960,540,24,2.92,yuv420p,,,,
6408325533,960,540,30,1.26,yuv420p,,,,
6408909511,960,540,30,3.26,yuv420p,,,,
6411380421,960,540,30,3.44,yuv420p,,,,
6416687735,960,540,30,3.36,yuv420p,,,,
6416725133,960,540,30,3.76,yuv420p,,,,
6422437813,960,540,30,2.46,yuv420p,,,,
6439107119,960,540,30,3.08,yuv420p,,,,
6444142351,960,540,30,3.28,yuv420p,,,,
6469679863,960,540,30,2.4,yuv420p,,,,
6471207533,960,540,24,3.32,yuv420p,,,,
6490001399,960,540,24,3.36,yuv420p,,,,
6492110563,960,540,30,3.92,yuv420p,,,,
6497033987,960,540,30,1.8,yuv420p,,,,
6497857295,960,540,30,2.38,yuv420p,,,,
6514514177,960,540,24,3.68,yuv420p,,,,
6518466029,960,540,24,3.02,yuv420p,,,,
6527804569,960,540,24,3.12,yuv420p,,,,
6528988807,960,540,24,3.94488189,yuv420p,,,,
6538025379,960,540,30,3.8,yuv420p,,,,
6554989029,960,540,24,2.68,yuv420p,,,,
6571028091,960,540,30,3.16,yuv420p,,,,
6582418637,960,540,30,3.12,yuv420p,,,,
6598948831,960,540,30,3.7,yuv420p,,,,
6621826551,960,540,30,3.42,yuv420p,,,,
6625655725,960,540,30,3.62,yuv420p,,,,
6629527951,960,540,24,2.25498008,yuv420p,,,,
6638842709,960,540,30,2.94,yuv420p,,,,
6648629457,960,540,24,3.42,yuv420p,,,,
6660107279,960,540,30,3.26,yuv420p,,,,
6661657005,960,540,30,1.9,yuv420p,,,,
6669111911,960,540,30,3.2,yuv420p,,,,
6671136435,960,540,30,3.04,yuv420p,,,,
6677269327,960,540,30,3.72,yuv420p,,,,
6680559525,960,540,30,3.3,yuv420p,,,,
6694501209,960,540,30,2.92,yuv420p,,,,
6694553789,960,540,30,3.62,yuv420p,,,,
6696625151,960,540,30,3.1,yuv420p,,,,
6716265511,960,540,24,3.54,yuv420p,,,,
6722692103,960,540,24,3.5,yuv420p,,,,
6724048499,960,540,30,2.56,yuv420p,,,,
6740483069,960,540,30,2.2421875,yuv420p,,,,
6749780445,960,540,30,2.02,yuv420p,,,,
6760172457,960,540,24,3.24,yuv420p,,,,
6772996477,960,540,24,3.72,yuv420p,,,,
6775766604,960,540,30,2.96,yuv420p,,,,
6783810490,960,540,30,1.88,yuv420p,,,,
6787309364,960,540,30,4.16,yuv420p,,,,
6792594754,960,540,30,3.4,yuv420p,,,,
6792979288,960,540,24,1.78,yuv420p,,,,
6794539977,960,540,25,3.4,yuv420p,,,,
6798366426,960,540,24,3.84,yuv420p,,,,
6804829908,960,540,30,2.96,yuv420p,,,,
6806699713,960,540,30,3.76,yuv420p,,,,
6807638360,960,540,24,1.46,yuv420p,,,,
6809728071,960,540,30,3.52,yuv420p,,,,
6811275923,960,540,24,3.36,yuv420p,,,,
6812062788,960,540,30,2.52,yuv420p,,,,
6812860936,960,540,30,2.88,yuv420p,,,,
6830500351,960,540,30,2.94,yuv420p,,,,
6838572151,960,540,24,2.6,yuv420p,,,,
6844033217,960,540,30,3.72,yuv420p,,,,
6847647728,960,540,30,3.68,yuv420p,,,,
6849313907,960,540,30,3.48,yuv420p,,,,
6849945228,960,540,24,2.91796875,yuv420p,,,,
6858182534,960,540,30,2.98,yuv420p,,,,
6864942042,960,540,24,2.72,yuv420p,,,,
6865667129,960,540,30,3.3,yuv420p,,,,
6866970306,960,540,30,3.32,yuv420p,,,,
6867862287,960,540,30,3.68,yuv420p,,,,
6867926575,960,540,30,3.08,yuv420p,,,,
6867937233,960,540,30,2.72,yuv420p,,,,
6868110990,960,540,30,3.18,yuv420p,,,,
6868246166,960,540,24,2.68,yuv420p,,,,
6868748154,960,540,25,3.26,yuv420p,,,,
6874423527,960,540,24,2.82,yuv420p,,,,
6879288904,960,540,24,2.78,yuv420p,,,,
6894958520,960,540,30,3.24,yuv420p,,,,
6900620920,960,540,24,4.04,yuv420p,,,,
6907839104,960,540,24,3.5,yuv420p,,,,
6913535960,960,540,25,4.106299213,yuv420p,,,,
6914710581,960,540,24,4,yuv420p,,,,
6916420878,960,540,24,2.84,yuv420p,,,,
6917745987,960,540,24,2.4,yuv420p,,,,
6924551254,960,540,30,2.72,yuv420p,,,,
6929069239,960,540,30,2.58,yuv420p,,,,
6932519097,960,540,30,3.12,yuv420p,,,,
6932589551,960,540,30,3.62,yuv420p,,,,
6935410837,960,540,25,3.24,yuv420p,,,,
6937597827,960,540,30,3.28,yuv420p,,,,
6946901845,960,540,30,3.46,yuv420p,,,,
6947112934,960,540,25,4.18,yuv420p,,,,
6948249567,960,540,30,3.1,yuv420p,,,,
6949440526,960,540,30,3.92,yuv420p,,,,
6953979425,960,540,30,3.02,yuv420p,,,,
6959318659,960,540,30,3.04,yuv420p,,,,
6971190423,960,540,30,3.82,yuv420p,,,,
6971497024,960,540,30,3.02,yuv420p,,,,
6971905222,960,540,30,2.6,yuv420p,,,,
6981897920,960,540,30,3.3,yuv420p,,,,
6982428911,960,540,30,2.7,yuv420p,,,,
6985991227,960,540,30,1.62,yuv420p,,,,
6995540661,960,540,30,3.18,yuv420p,,,,
7005111650,960,540,24,2.72,yuv420p,,,,
7005478889,960,540,24,2.86,yuv420p,,,,
7012065923,960,540,30,3.48,yuv420p,,,,
7029270875,960,540,24,3.94,yuv420p,,,,
7054450817,960,540,24,3.46,yuv420p,,,,
7057951213,960,540,30,3.54,yuv420p,,,,
7066660513,960,540,30,3.8,yuv420p,,,,
7068941889,960,540,30,2.8,yuv420p,,,,
7074513729,960,540,30,1.56,yuv420p,,,,
7087189849,960,540,24,1.98,yuv420p,,,,
7117529219,960,540,30,2.86,yuv420p,,,,
7122092993,960,540,30,2.88,yuv420p,,,,
7123482247,960,540,24,3.258064516,yuv420p,,,,
7123683275,960,540,24,2.06,yuv420p,,,,
7136906983,960,540,30,2.4,yuv420p,,,,
7141804343,960,540,30,2.9,yuv420p,,,,
7146539585,960,540,30,3.4,yuv420p,,,,
7151780093,960,540,30,2.6,yuv420p,,,,
7171297739,960,540,24,2.06,yuv420p,,,,
7173586391,960,540,24,2.74,yuv420p,,,,
7175971942,960,540,30,2.32,yuv420p,,,,
7177427229,960,540,24,2.48,yuv420p,,,,
7177696763,960,540,24,4.06,yuv420p,,,,
7192436890,960,540,30,2.78,yuv420p,,,,
7197025396,960,540,30,3.92,yuv420p,,,,
7198246948,960,540,30,3.42,yuv420p,,,,
7198853624,960,540,24,3.6,yuv420p,,,,
7208119980,960,540,30,2.93385214,yuv420p,,,,
7236880666,960,540,30,3.5,yuv420p,,,,
7246583832,960,540,24,2.86,yuv420p,,,,
7274180028,960,540,24,3.76,yuv420p,,,,
7287123594,960,540,30,3.48,yuv420p,,,,
7287459080,960,540,30,2.32,yuv420p,,,,
7313643370,960,540,30,3.68,yuv420p,,,,
7341359052,960,540,30,3.16,yuv420p,,,,
7344072960,960,540,24,2.769874477,yuv420p,,,,
7358630018,960,540,24,3.6,yuv420p,,,,
7360639566,960,540,30,3.54,yuv420p,,,,
7361913318,960,540,24,2.74,yuv420p,,,,
7381539666,960,540,30,2.86,yuv420p,,,,
7383232724,960,540,30,2.6,yuv420p,,,,
7383994638,960,540,30,3.74,yuv420p,,,,
7385692814,960,540,30,3.92,yuv420p,,,,
7390590300,960,540,24,2.28,yuv420p,,,,
7395710342,960,540,30,2.92,yuv420p,,,,
7396603710,960,540,30,3.64,yuv420p,,,,
7402519316,960,540,30,2.98,yuv420p,,,,
7425861358,960,540,30,3.46,yuv420p,,,,
7453163014,960,540,24,3.02,yuv420p,,,,
7481217984,960,540,30,3.2,yuv420p,,,,
7495255120,960,540,24,2.42,yuv420p,,,,
7495449440,960,540,30,1.92,yuv420p,,,,
7500126174,960,540,24,3.6,yuv420p,,,,
7517202292,960,540,30,2.38,yuv420p,,,,
7518773518,960,540,24,4.32,yuv420p,,,,
7520968610,960,540,30,3.1,yuv420p,,,,
7521145978,960,540,30,3.44,yuv420p,,,,
7526781566,960,540,30,3.02,yuv420p,,,,
7532463480,960,540,30,2.792828685,yuv420p,,,,
7541374876,960,540,30,3.38,yuv420p,,,,
7542896986,960,540,24,3.02,yuv420p,,,,
7545358086,960,540,24,2.02,yuv420p,,,,
7547384258,960,540,30,2.44,yuv420p,,,,
7547764246,960,540,30,3.28,yuv420p,,,,
7548202460,960,540,30,3.3,yuv420p,,,,
7548305462,960,540,24,2.24,yuv420p,,,,
7548330816,960,540,24,3.04,yuv420p,,,,
7550224002,960,540,24,2.34,yuv420p,,,,
7556185878,960,540,24,2.82,yuv420p,,,,
7556474634,960,540,30,2.94,yuv420p,,,,
7558781186,960,540,25,1.68,yuv420p,,,,
7585780552,960,540,30,3.52,yuv420p,,,,
7591242800,960,540,25,3.16,yuv420p,,,,
7616950966,960,540,30,2.66,yuv420p,,,,
7622034108,960,540,30,3.44,yuv420p,,,,
7633708420,960,540,24,2.78,yuv420p,,,,
7644822866,960,540,30,3.78,yuv420p,,,,
7651248048,960,540,24,2.08,yuv420p,,,,
7664727482,960,540,30,3.4,yuv420p,,,,
7667993154,960,540,30,3.76,yuv420p,,,,
7681404078,960,540,30,2.98,yuv420p,,,,
7693986854,960,540,30,3.1,yuv420p,,,,
7700672030,960,540,30,3.3,yuv420p,,,,
7703064692,960,540,30,3.6,yuv420p,,,,
7708735292,960,540,24,2.46,yuv420p,,,,
7722155622,960,540,24,2.36,yuv420p,,,,
7734422826,960,540,30,2.82,yuv420p,,,,
7734563104,960,540,24,2.7,yuv420p,,,,
7760313026,960,540,30,3.36,yuv420p,,,,
7812985864,960,540,30,2.76,yuv420p,,,,
7819697028,960,540,30,2.56,yuv420p,,,,
7820483368,960,540,30,2.76,yuv420p,,,,
7832506570,960,540,30,3.92,yuv420p,,,,
7834396986,960,540,30,3.3,yuv420p,,,,
7848940332,960,540,30,1.86,yuv420p,,,,
7849542524,960,540,30,3.7,yuv420p,,,,
7863416600,960,540,30,1.78,yuv420p,,,,
7879889838,960,540,30,2.76,yuv420p,,,,
7892371292,960,540,30,3.48,yuv420p,,,,
7897750494,960,540,24,2.4,yuv420p,,,,
7897815844,960,540,30,2.96,yuv420p,,,,
7917797604,960,540,30,2.105660377,yuv420p,,,,
7935377214,960,540,30,3.58,yuv420p,,,,
7938991482,960,540,30,2.52,yuv420p,,,,
7954124226,960,540,30,3.8,yuv420p,,,,
7959542546,960,540,24,2.64,yuv420p,,,,
7962972726,960,540,30,2.18,yuv420p,,,,
7969995368,960,540,30,3.04,yuv420p,,,,
7977126554,960,540,30,3.96,yuv420p,,,,
7978973307,960,540,30,1.78,yuv420p,,,,
7983363078,960,540,24,1.9,yuv420p,,,,
7983610133,960,540,30,3.74,yuv420p,,,,
7986004475,960,540,25,3.58,yuv420p,,,,
7992241767,960,540,30,3.64,yuv420p,,,,
8002170390,960,540,25,2.76,yuv420p,,,,
8005708131,960,540,30,3.06,yuv420p,,,,
8007634384,960,540,30,2.98,yuv420p,,,,
8013211059,960,540,25,2.48,yuv420p,,,,
8017059368,960,540,30,1.907172996,yuv420p,,,,
8026448058,960,540,25,3.44,yuv420p,,,,
8031519344,960,540,30,3.3,yuv420p,,,,
8039356416,960,540,30,2.46,yuv420p,,,,
8039435442,960,540,30,3.1,yuv420p,,,,
8052505414,960,540,30,3.92,yuv420p,,,,
8056761129,960,540,30,3.12,yuv420p,,,,
8069024908,960,540,30,2.12,yuv420p,,,,
8069868772,960,540,30,3.32,yuv420p,,,,
8069880437,960,540,30,3.64,yuv420p,,,,
8072548302,960,540,30,3.02,yuv420p,,,,
8078127133,960,540,30,2.618867925,yuv420p,,,,
8078333220,960,540,30,2.6,yuv420p,,,,
8084631711,960,540,24,3.48,yuv420p,,,,
8088901520,960,540,30,3.68,yuv420p,,,,
8092884510,960,540,24,2.42,yuv420p,,,,
8097209231,960,540,30,3.4,yuv420p,,,,
8098521993,960,540,30,2.86,yuv420p,,,,
8110008288,960,540,24,2.02,yuv420p,,,,
8118947664,960,540,30,3.76,yuv420p,,,,
8124951690,960,540,30,3.06,yuv420p,,,,
8129160337,960,540,30,3.12,yuv420p,,,,
8132161360,960,540,24,2.9,yuv420p,,,,
8140107150,960,540,24,2.4,yuv420p,,,,
8144762018,960,540,24,2.1,yuv420p,,,,
8147563408,960,540,30,3.58,yuv420p,,,,
8148981356,960,540,30,3.16,yuv420p,,,,
8151400613,960,540,30,2.98,yuv420p,,,,
8152764264,960,540,30,3.14,yuv420p,,,,
8156543755,960,540,30,3.14,yuv420p,,,,
8171831850,960,540,30,4.444029851,yuv420p,,,,
8172276744,960,540,30,3.92,yuv420p,,,,
8178490084,960,540,30,3.42,yuv420p,,,,
8182527128,960,540,30,3.96,yuv420p,,,,
8182593817,960,540,30,2.8,yuv420p,,,,
8193379879,960,540,24,3.26,yuv420p,,,,
8195185860,960,540,30,3.64,yuv420p,,,,
8195899669,960,540,30,2.06,yuv420p,,,,
8201673711,960,540,30,3.54,yuv420p,,,,
8207372644,960,540,30,3.24,yuv420p,,,,
8215074237,960,540,24,2.7,yuv420p,,,,
8217524401,960,540,24,2.58,yuv420p,,,,
8222762296,960,540,30,1.66,yuv420p,,,,
8223463984,960,540,30,2.94,yuv420p,,,,
8229018279,960,540,30,3.56,yuv420p,,,,
8230249635,960,540,30,2.66,yuv420p,,,,
8235549337,960,540,30,2.66,yuv420p,,,,
8236900278,960,540,24,3.36,yuv420p,,,,
8240363350,960,540,30,3.22,yuv420p,,,,
8251526312,960,540,30,2.28,yuv420p,,,,
8252040986,960,540,30,3.68,yuv420p,,,,
8253260683,960,540,24,3.08,yuv420p,,,,
8254380270,960,540,24,3.16,yuv420p,,,,
8257892715,960,540,30,1.98,yuv420p,,,,
8266961231,960,540,30,3.14,yuv420p,,,,
8267321210,960,540,30,3.42,yuv420p,,,,
8278672659,960,540,24,2.18,yuv420p,,,,
8281263977,960,540,30,3.14,yuv420p,,,,
8281880253,960,540,24,2.4,yuv420p,,,,
8286421427,960,540,25,4.14,yuv420p,,,,
8298917863,960,540,24,3.28,yuv420p,,,,
8299847304,960,540,24,2.96,yuv420p,,,,
8304230962,960,540,24,2.32,yuv420p,,,,
8317937019,960,540,30,2.48,yuv420p,,,,
8319369964,960,540,30,2.64,yuv420p,,,,
8320880668,960,540,24,2.22,yuv420p,,,,
8322973249,960,540,30,3.3,yuv420p,,,,
8324243833,960,540,30,2.16,yuv420p,,,,
8331282929,960,540,24,3.76,yuv420p,,,,
8331470149,960,540,24,3.02,yuv420p,,,,
8331955206,960,540,30,3.84,yuv420p,,,,
8336226077,960,540,30,2.08,yuv420p,,,,
8339870239,960,540,24,1.992063492,yuv420p,,,,
8355599976,960,540,24,3.62,yuv420p,,,,
8366966088,960,540,30,2.84,yuv420p,,,,
8372557828,960,540,30,2.08,yuv420p,,,,
8380926104,960,540,30,3.4,yuv420p,,,,
8387302863,960,540,30,3.3,yuv420p,,,,
8396734122,960,540,24,2.84,yuv420p,,,,
8403451337,960,540,30,2.78,yuv420p,,,,
8408744905,960,540,30,3.5,yuv420p,,,,
8414555471,960,540,25,3.9,yuv420p,,,,
8415984918,960,540,24,2.38,yuv420p,,,,
8420230247,960,540,30,3.96,yuv420p,,,,
8424428827,960,540,30,3.38,yuv420p,,,,
8429349812,960,540,30,3.72,yuv420p,,,,
8431144343,960,540,24,3.82,yuv420p,,,,
8433382995,960,540,24,2.22,yuv420p,,,,
8435518163,960,540,30,3.16,yuv420p,,,,
8440192357,960,540,30,3.92,yuv420p,,,,
8440795977,960,540,30,2.28,yuv420p,,,,
8442879599,960,540,30,3.74,yuv420p,,,,
8455309721,960,540,30,3.42,yuv420p,,,,
8459254855,960,540,30,2.74,yuv420p,,,,
8467238180,960,540,30,3.18,yuv420p,,,,
8476574247,960,540,30,3.58,yuv420p,,,,
8477990214,960,540,24,2.1,yuv420p,,,,
8478531549,960,540,30,2.3,yuv420p,,,,
8479364057,960,540,24,2.74,yuv420p,,,,
8479579728,960,540,30,2.28,yuv420p,,,,
8480588816,960,540,30,3.74,yuv420p,,,,
8483400755,960,540,30,1.46,yuv420p,,,,
8484812859,960,540,30,3.38,yuv420p,,,,
8486027818,960,540,30,3.2,yuv420p,,,,
8487362151,960,540,30,3.54,yuv420p,,,,
8491617830,960,540,24,3.5,yuv420p,,,,
8494495600,960,540,24,3.74,yuv420p,,,,
8495275628,960,540,30,3.48,yuv420p,,,,
8507613491,960,540,30,2.28,yuv420p,,,,
8510251919,960,540,30,3.66,yuv420p,,,,
8522230898,960,540,24,3.34,yuv420p,,,,
8527434285,960,540,30,2.02,yuv420p,,,,
8531461869,960,540,24,2.72,yuv420p,,,,
8532196494,960,540,30,2.46,yuv420p,,,,
8536800170,960,540,24,3.12,yuv420p,,,,
8536919744,960,540,24,1.22,yuv420p,,,,
8541047953,960,540,30,3.28,yuv420p,,,,
8548046708,960,540,24,3.36,yuv420p,,,,
8552723245,960,540,24,3.58,yuv420p,,,,
8554748075,960,540,24,2.089068826,yuv420p,,,,
8562619627,960,540,25,4.26,yuv420p,,,,
8563986596,960,540,30,2.94,yuv420p,,,,
8565847545,960,540,30,3.08,yuv420p,,,,
8582023917,960,540,30,2.04,yuv420p,,,,
8583146942,960,540,30,2.54,yuv420p,,,,
8586743266,960,540,30,2.72,yuv420p,,,,
8587203405,960,540,30,3.54,yuv420p,,,,
8587384006,960,540,30,3.74,yuv420p,,,,
8587927758,960,540,24,2.14,yuv420p,,,,
8588854353,960,540,24,3.88,yuv420p,,,,
8589300397,960,540,30,3.6,yuv420p,,,,
8591330227,960,540,25,2.36,yuv420p,,,,
8592011515,960,540,24,2,yuv420p,,,,
8604343265,960,540,24,2.54,yuv420p,,,,
8610122536,960,540,30,3.58,yuv420p,,,,
8616015387,960,540,30,3.54,yuv420p,,,,
8625682550,960,540,24,1.84,yuv420p,,,,
8631895364,960,540,30,3.66,yuv420p,,,,
8632107216,960,540,30,2.32,yuv420p,,,,
8635322862,960,540,30,2.36,yuv420p,,,,
8643275693,960,540,30,3.22,yuv420p,,,,
8643336872,960,540,30,1.68,yuv420p,,,,
8646141367,960,540,25,3.8,yuv420p,,,,
8646170532,960,540,30,3.48,yuv420p,,,,
8657921837,960,540,24,4.3,yuv420p,,,,
8663100289,960,540,24,2.034883721,yuv420p,,,,
8664958871,960,540,25,3.52,yuv420p,,,,
8667333526,960,540,25,2.62,yuv420p,,,,
8667534666,960,540,30,4.02,yuv420p,,,,
8670600555,960,540,30,3.16,yuv420p,,,,
8675766145,960,540,30,2.5,yuv420p,,,,
8679156964,960,540,25,3.8,yuv420p,,,,
8683385786,960,540,30,3.66,yuv420p,,,,
8685321568,960,540,24,2.18,yuv420p,,,,
8688311915,960,540,30,2.98,yuv420p,,,,
8689455432,960,540,30,2.68,yuv420p,,,,
8699104416,960,540,24,2.48,yuv420p,,,,
8701032421,960,540,24,4.02,yuv420p,,,,
8716622241,960,540,30,3.38,yuv420p,,,,
8717647202,960,540,25,3.64,yuv420p,,,,
8717841410,960,540,30,3.22,yuv420p,,,,
8724380666,960,540,30,1.4,yuv420p,,,,
8728910927,960,540,24,2.78,yuv420p,,,,
8729280042,960,540,24,2.26,yuv420p,,,,
8729448612,960,540,30,2.7,yuv420p,,,,
8730797431,960,540,30,3.7,yuv420p,,,,
8731159058,960,540,30,2.2,yuv420p,,,,
8731237129,960,540,24,2.48,yuv420p,,,,
8733102851,960,540,30,3.08,yuv420p,,,,
8738388681,960,540,30,3.8,yuv420p,,,,
8741017589,960,540,30,3.676470588,yuv420p,,,,
8751538577,960,540,24,4.4,yuv420p,,,,
8751856572,960,540,30,3.9,yuv420p,,,,
8758952624,960,540,30,4.3,yuv420p,,,,
8772282000,960,540,30,3.24,yuv420p,,,,
8773297527,960,540,30,3.72,yuv420p,,,,
8842319020,960,540,24,2.86,yuv420p,,,,
8859509880,960,540,30,3.94,yuv420p,,,,
8886176135,960,540,30,3.56,yuv420p,,,,
8909265380,960,540,30,2.78,yuv420p,,,,
8915047035,960,540,30,3.68,yuv420p,,,,
8918155991,960,540,30,3.46,yuv420p,,,,
8921577578,960,540,30,3.48,yuv420p,,,,
8931854960,960,540,30,3.7,yuv420p,,,,
8933125503,960,540,30,2.4,yuv420p,,,,
8937776831,960,540,30,3.9,yuv420p,,,,
8953002659,960,540,30,3.9,yuv420p,,,,
8955950667,960,540,30,3.66,yuv420p,,,,
8957212602,960,540,30,3.56,yuv420p,,,,
8965205906,960,540,30,3.6,yuv420p,,,,
8967888670,960,540,24,3.32,yuv420p,,,,
8976267501,960,540,30,3,yuv420p,,,,
8986658663,960,540,30,3.2,yuv420p,,,,
8991258489,960,540,24,3.86,yuv420p,,,,
8995404511,960,540,30,3.798245614,yuv420p,,,,
9000209228,960,540,25,2.1,yuv420p,,,,
9047671138,960,540,30,1.98,yuv420p,,,,
9058636581,960,540,30,1.82,yuv420p,,,,
9060241382,960,540,25,4.04,yuv420p,,,,
9083519636,960,540,30,2.86,yuv420p,,,,
9085955167,960,540,30,3.2,yuv420p,,,,
9086621277,960,540,24,3.28,yuv420p,,,,
9089204842,960,540,24,3.02,yuv420p,,,,
9093682547,960,540,24,3.1,yuv420p,,,,
9095814754,960,540,24,3.8,yuv420p,,,,
9098899158,960,540,24,3.02,yuv420p,,,,
9136867624,960,540,30,2.12,yuv420p,,,,
9144368303,960,540,24,2.9,yuv420p,,,,
9189459433,960,540,25,2.22,yuv420p,,,,
9195826668,960,540,30,3.16,yuv420p,,,,
9209826160,960,540,30,3.34,yuv420p,,,,
9234105504,960,540,24,2.26,yuv420p,,,,
9248029519,960,540,30,2.7,yuv420p,,,,
9256674744,960,540,30,2.26,yuv420p,,,,
9258419063,960,540,25,3.74,yuv420p,,,,
9267867823,960,540,30,3.84,yuv420p,,,,
9277742312,960,540,30,3.4,yuv420p,,,,
9298912586,960,540,24,2.5,yuv420p,,,,
9317770917,960,540,30,3.38,yuv420p,,,,
9363436148,960,540,30,3.58,yuv420p,,,,
9369433766,960,540,24,1.52,yuv420p,,,,
9382662040,960,540,24,2.76,yuv420p,,,,
9387089233,960,540,30,2.68,yuv420p,,,,
9390723258,960,540,30,3.8,yuv420p,,,,
9425570317,960,540,24,3,yuv420p,,,,
9427595515,960,540,30,2.06,yuv420p,,,,
9434801897,960,540,25,3.34,yuv420p,,,,
9445782126,960,540,30,1.52,yuv420p,,,,
9455400456,960,540,24,2.22,yuv420p,,,,
9459232387,960,540,30,3.04,yuv420p,,,,
9464591256,960,540,24,3.98,yuv420p,,,,
9478631712,960,540,30,3.706349206,yuv420p,,,,
9480678073,960,540,30,4.04,yuv420p,,,,
9494995600,960,540,24,2.74,yuv420p,,,,
9513714022,960,540,30,3.8,yuv420p,,,,
9513903384,960,540,30,4.04,yuv420p,,,,
9515797648,960,540,30,3.78,yuv420p,,,,
9521557660,960,540,24,3.6,yuv420p,,,,
9524637688,960,540,30,2.58,yuv420p,,,,
9525693928,960,540,30,3.86,yuv420p,,,,
9536307250,960,540,30,3.16,yuv420p,,,,
9542585542,960,540,30,3.82,yuv420p,,,,
9564154386,960,540,30,2.1,yuv420p,,,,
9571377943,960,540,24,4.28,yuv420p,,,,
9583034514,960,540,30,3.88,yuv420p,,,,
9586728257,960,540,30,3.56,yuv420p,,,,
9586935224,960,540,30,3.34,yuv420p,,,,
9617144245,960,540,30,3.82,yuv420p,,,,
9618443862,960,540,30,2.08,yuv420p,,,,
9633125766,960,540,30,3.42,yuv420p,,,,
9633321480,960,540,24,4.08,yuv420p,,,,
9651230522,960,540,30,2.56,yuv420p,,,,
9659398278,960,540,30,3.3,yuv420p,,,,
9675032717,960,540,25,3.26,yuv420p,,,,
9680817388,960,540,30,3.84,yuv420p,,,,
9709640314,960,540,30,4.02,yuv420p,,,,
9717753449,960,540,24,2.36,yuv420p,,,,
9724431856,960,540,30,3.84,yuv420p,,,,
9725289895,960,540,30,3.58,yuv420p,,,,
9726323401,960,540,30,3.272,yuv420p,,,,
9732912473,960,540,30,3.42,yuv420p,,,,
9737640625,960,540,24,3.36,yuv420p,,,,
9740517228,960,540,24,3.8,yuv420p,,,,
9753414792,960,540,30,3.84,yuv420p,,,,
9765162404,960,540,30,2.08,yuv420p,,,,
9766188655,960,540,30,3.06,yuv420p,,,,
9802042845,960,540,30,3.66,yuv420p,,,,
9812197286,960,540,30,2.88,yuv420p,,,,
9812351333,960,540,30,3.74,yuv420p,,,,
9814654176,960,540,30,1.94,yuv420p,,,,
9830655414,960,540,30,3.56,yuv420p,,,,
9908050493,960,540,30,2.96,yuv420p,,,,
9917916796,960,540,30,4.04,yuv420p,,,,
9969637164,960,540,30,3.42,yuv420p,,,,
10008004183,960,540,25,4.06,yuv420p,,,,
10013374164,960,540,30,3.74,yuv420p,,,,
10016324794,960,540,24,2.96,yuv420p,,,,
10019485755,960,540,30,3.7,yuv420p,,,,
10027007645,960,540,30,3.8,yuv420p,,,,
10053703034,960,540,30,3.46,yuv420p,,,,
10102107193,960,540,25,2.18,yuv420p,,,,
10115791113,960,540,30,3.68,yuv420p,,,,
10116604143,960,540,24,3.08,yuv420p,,,,
10124821225,960,540,30,3.4,yuv420p,,,,
10127250986,960,540,30,2.3,yuv420p,,,,
10128248563,960,540,30,2.86,yuv420p,,,,
10132105415,960,540,30,1.64,yuv420p,,,,
10149337843,960,540,30,3.94,yuv420p,,,,
10178280003,960,540,30,1.7,yuv420p,,,,
10201521555,960,540,24,2.3,yuv420p,,,,
10208239954,960,540,30,3.12,yuv420p,,,,
10238939436,960,540,24,2.58,yuv420p,,,,
10244479353,960,540,30,4.14,yuv420p,,,,
10249998364,960,540,24,3.4,yuv420p,,,,
10270536464,960,540,30,3.42,yuv420p,,,,
10283826203,960,540,30,4.14,yuv420p,,,,
10314276135,960,540,30,3.22,yuv420p,,,,
10340094005,960,540,30,3.32,yuv420p,,,,
10403478556,960,540,24,3.68,yuv420p,,,,
10404182556,540,960,30,2.32,yuv420p,,,,
10406095776,960,540,30,2.62,yuv420p,,,,
10408715786,960,540,30,3.253731343,yuv420p,,,,
10411421606,960,540,30,2.52,yuv420p,,,,
10417424703,960,540,30,1.88,yuv420p,,,,
10500520233,960,540,30,2.86,yuv420p,,,,
10521676086,960,540,30,2.88,yuv420p,,,,
10533906564,960,540,30,3.24,yuv420p,,,,
10541657773,960,540,24,3.74,yuv420p,,,,
10595581344,960,540,30,4.14,yuv420p,,,,
10602272313,960,540,30,3.1,yuv420p,,,,
10609570083,960,540,30,3.1,yuv420p,,,,
10625504535,960,540,30,2.1,yuv420p,,,,
10636855406,960,540,30,3.88,yuv420p,,,,
10650618913,960,540,30,1.7,yuv420p,,,,
10655599784,960,540,30,3.26,yuv420p,,,,
10657154643,960,540,30,3.58,yuv420p,,,,
10672253555,960,540,30,1.614785992,yuv420p,,,,
10691750555,960,540,24,2.84,yuv420p,,,,
10694139655,960,540,24,1.82,yuv420p,,,,
10716218856,960,540,24,2.06,yuv420p,,,,
10716551125,960,540,25,2.22,yuv420p,,,,
10785115855,960,540,30,2.46,yuv420p,,,,
10804894696,960,540,24,3.12,yuv420p,,,,
10837320963,960,540,25,3.7,yuv420p,,,,
10838546955,960,540,30,3,yuv420p,,,,
10838718774,960,540,30,3.04,yuv420p,,,,
10838934973,960,540,30,3.34,yuv420p,,,,
10864372176,960,540,30,3.14,yuv420p,,,,
10925288616,960,540,24,1.46,yuv420p,,,,
10931366544,960,540,24,3.64,yuv420p,,,,
11013388203,960,540,24,3.76,yuv420p,,,,
11057110163,960,540,30,2.78,yuv420p,,,,
11061444876,960,540,30,2.16,yuv420p,,,,
11082897705,960,540,30,3.3,yuv420p,,,,
11086166076,960,540,30,3.28,yuv420p,,,,
11095294653,960,540,30,1.86,yuv420p,,,,
11237101334,960,540,24,2.26,yuv420p,,,,
11359714186,960,540,30,2.4,yuv420p,,,,
11367153336,960,540,30,2.7,yuv420p,,,,
11383768246,960,540,30,3.92,yuv420p,,,,
11403577283,960,540,24,3.06,yuv420p,,,,
11425159465,960,540,30,2.68,yuv420p,,,,
11435365925,960,540,30,2.6,yuv420p,,,,
11465976586,960,540,30,3.94,yuv420p,,,,
11469243925,960,540,30,2.28,yuv420p,,,,
11535683914,960,540,30,3.94,yuv420p,,,,
11540616946,960,540,30,4.08,yuv420p,,,,
11617643563,960,540,30,3.4,yuv420p,,,,
11618284403,960,540,30,4.12,yuv420p,,,,
11635304003,960,540,30,1.74,yuv420p,,,,
11646665363,960,540,30,3.7,yuv420p,,,,
11673027224,960,540,30,3.32,yuv420p,,,,
11688667226,960,540,30,1.94,yuv420p,,,,
11803329033,960,540,30,3.56,yuv420p,,,,
11816978255,960,540,25,3.76,yuv420p,,,,
11864752706,960,540,30,3.9,yuv420p,,,,
11902527296,960,540,30,3.24,yuv420p,,,,
11907021903,960,540,30,2.16,yuv420p,,,,
11913590004,960,540,24,2.96,yuv420p,,,,
11920895013,960,540,30,3.42,yuv420p,,,,
11925275803,960,540,30,2.66,yuv420p,,,,
11944451643,960,540,30,3.16,yuv420p,,,,
11971608074,960,540,30,3.34,yuv420p,,,,
12020933633,960,540,25,3.36,yuv420p,,,,
12031712185,960,540,25,2.58,yuv420p,,,,
12032110574,960,540,25,2.64,yuv420p,,,,
12044525214,960,540,30,3,yuv420p,,,,
12088104156,960,540,30,3.6,yuv420p,,,,
12099271596,960,540,24,2.4,yuv420p,,,,
12101500915,960,540,30,3.88,yuv420p,,,,
12123666684,960,540,30,4,yuv420p,,,,
12143576166,960,540,30,3.44,yuv420p,,,,
12186470506,960,540,30,2.9,yuv420p,,,,
12255205254,960,540,25,3.96,yuv420p,,,,
12262452854,960,540,24,4.24,yuv420p,,,,
12274927193,960,540,24,2.98,yuv420p,,,,
12276570315,960,540,24,3.365217391,yuv420p,,,,
12277706754,960,540,30,3.5,yuv420p,,,,
12279842993,960,540,30,3.72,yuv420p,,,,
12330492194,960,540,30,3.26,yuv420p,,,,
12355531285,960,540,30,4.22,yuv420p,,,,
12378508014,960,540,25,4.035573123,yuv420p,,,,
12379836133,960,540,25,4.24,yuv420p,,,,
12382276334,960,540,25,3.586872587,yuv420p,,,,
12387439244,960,540,30,2.34,yuv420p,,,,
12412571563,960,540,30,3.5,yuv420p,,,,
12439507093,960,540,24,2.5,yuv420p,,,,
12461764004,960,540,24,2.16,yuv420p,,,,
12465909365,960,540,30,3.88,yuv420p,,,,
12567402335,960,540,30,1.8,yuv420p,,,,
12623549414,960,540,30,3.68,yuv420p,,,,
12626612584,960,540,30,3.1,yuv420p,,,,
12633847193,960,540,30,2.92,yuv420p,,,,
12682619933,960,540,30,3.24,yuv420p,,,,
12704590184,960,540,24,3.9,yuv420p,,,,
12758594775,960,540,30,2.94,yuv420p,,,,
12788630734,960,540,30,3.26,yuv420p,,,,
12816380173,960,540,24,3.28,yuv420p,,,,
12816958564,960,540,25,2.84,yuv420p,,,,
12823937005,960,540,30,3.4,yuv420p,,,,
12836715003,960,540,30,3.3,yuv420p,,,,
12859019173,960,540,30,3.72,yuv420p,,,,
12893008605,960,540,30,3.55465587,yuv420p,,,,
12893918213,960,540,30,3.599236641,yuv420p,,,,
12899309364,960,540,30,3.1,yuv420p,,,,
12912266335,960,540,24,2.86,yuv420p,,,,
12923454185,960,540,30,2.88,yuv420p,,,,
12952440214,960,540,30,2.5,yuv420p,,,,
12965735905,960,540,30,3.18,yuv420p,,,,
12989512873,960,540,24,3.24,yuv420p,,,,
13036222674,960,540,30,3.56,yuv420p,,,,
13042523904,960,540,30,3.12,yuv420p,,,,
13079468475,960,540,30,3.68,yuv420p,,,,
13154058393,960,540,24,3.64,yuv420p,,,,
13196703974,960,540,25,3.48,yuv420p,,,,
13255378043,960,540,30,3.12,yuv420p,,,,
13276560083,960,540,30,3.2,yuv420p,,,,
13286356624,960,540,30,3.6,yuv420p,,,,
13288073854,960,540,25,4.1,yuv420p,,,,
13291575674,960,540,30,2.66,yuv420p,,,,
